weebdex_id,legacy_id
o5xlc99l52,864
2jplfvolhg,31184
09shhyjkiz,46103
3d7nu81m2a,21069
7nu823cqbs,4490
kq5784r6ij,21565
s419rfzeb2,50766
za2aib5pt2,47295
nx4ud0nri7,6583
a84oumroan,14710
684mbz26lr,4702
73r0idbohy,21193
q4l4ou8tyv,12894
cjyl0wlkv0,24291
dlmynrc30b,33747
nduqn6647z,436
m7vf1u8458,26399
horzmkwokv,38562
kzj3p8nvre,43325
crz21yjwcb,2830
unqpxe8k2x,40070
ar7v0j6w11,11023
39jl55n0md,306
3r5zkzur6l,5289
nntvc1wjtt,39511
sssxvbl255,44718
cxgchxgpc6,42821
fyoaud7j8q,40941
ofnjqrzqt0,5414
c0nzho1nsv,21552
v1h43lxiso,4161
qbuvh24891,20815
zl96mj9bt8,6694
0skml95mza,29541
8ucnwub2nm,23877
l7u3s2mxh6,28792
of8nctvrj2,22583
sdwadfzftg,47990
mc1xqp2tn1,45648
l8gamdn9je,48871
mtbsx7fkyx,19434
6umqt3pv14,8761
5isc5e3bib,13049
ni298nt19m,26408
7h60vrjjyq,21580
95ma5lpen8,18936
xul20vooud,33762
qvc8ey0uc9,7381
nhy1cgeo92,958
5kt80c9h8g,1426
wlcg6sggkz,4135
nqeoygo8ec,642
3cb02e942h,1018
3im1sv5xv4,35536
vw90z4w7th,34346
1n8tckh3jv,2582
ozz5py1inv,30763
y2i6j113n2,45491
csvbmfv3iv,1193
04coriedum,45729
l54jexvubc,5825
ydvv99j98d,3700
9tisvq5svd,40594
23p004xkhi,5339
6ze5o881hr,3595
3nyu0h44o9,10091
zun516uty2,25120
8tpbv2hfop,36767
i9i6sf84ze,19089
cjsxloiful,10114
42quog1al2,33326
zpv5o5q6ss,39011
siwk50epzg,47600
lzb5yzixwq,15198
53pkwxci16,53374
v5l2kmjbvj,30410
8bwm2lcods,54023
dxdrd1p30w,29535
p7f4pli63x,36471
lj4njcj2k6,2199
gv6zbj18ii,4780
yjj2bi758h,4632
jhj1w8ctzm,1378
waxzqtcex9,46531
p5wdwelmd3,819
oq6zlaegdl,32141
552bbecd76,8004
tzm9i1p0sz,38309
pe34uchit5,26666
lv0he133bs,51757
652961ivg0,40485
2hfjt54q3q,46914
3cjp1zm3qh,34397
yaiy50fxw2,54182
h0azns7gin,1591
vpmp39pk42,4099
nk9ktnfeiu,1245
hbaebccgat,50611
jlyv8ni0vq,7456
6eh0janjmp,16542
h145cb2azg,17710
zvbr940b8d,43310
j7ip5aykzw,45011
l8akbp7292,51331
xef6nmdqn0,24276
scf19p04xv,21125
a44k1s3jpe,39478
tq7xuv7xs9,39799
ra7dc1omyz,22890
b4dwjvldpj,2602
bnufdzp6k0,24319
amk5eaufou,33124
pjy1gs3ee2,8056
vc4xnv9kac,10
pytu4zm2os,48318
eppy8sbrqy,36859
9ls21j2xid,7066
le46a3rc0b,46622
tr1jabwpfv,12019
cz913u4qa0,13248
g0nhmdtkyi,23197
xiu2unpc9h,47896
k2v3z0m1oi,16489
bugwrhlpcd,3091
30628e0xri,41214
rczfvl4n0l,35547
hea8o1vrtd,41633
rpcmqt5u4w,2532
kt2uwo9jfy,42822
olxzddz8u3,45779
9bp9pw9x4y,52590
12zd4irak1,923
s84s8bhj61,9
1cv6x8jz85,17224
mgx03utv7o,14896
znhzdhqf74,1112
npa6mlzakf,1766
g8vnrn0moi,15839
atltg43k2f,2000
bp1pfcidte,15668
vo3eo0a6cb,31899
mepbehmgja,5238
zuv6jnz379,56319
rrjqqmn4we,7423
38dzaczmrc,858
sd0lteenx0,18304
x6l0fh42rk,23621
6e2mswh5in,53912
jdevj590po,33536
kbnk4bquob,23710
l6101rw615,41754
df6pza0omt,23845
cmob3q68an,23619
c8v2uouae3,507
mra1eryjjg,53608
4ua9162ldp,29732
4k2uoewym4,2523
mwxd9wk0g9,176
hrhoguig8o,2164
sz87y68ybo,31476
s0b0boolhh,39473
fidt79jw8h,20039
tsdysf3pan,35048
dc13n4h9c4,53206
u2jvdo2hx6,43219
oo4unmxi7g,1110
rv2majat48,34772
9fdtoh7job,1181
6pmp0lzj78,8072
zm598p0cfk,4504
3mz0ncisja,23094
zfpdr5f6eg,47570
4437m0inmz,50550
5akf9kfxzg,36122
iy4rav9nrk,5706
bovtwb5ts5,732
6tlh9f6vhs,2138
n61j3semv5,39733
1cgswb38sy,45363
vcr3eb76sh,20431
7o3yxc04bq,29317
mb7rx0wurc,29138
cxygb0drwt,17506
f0gblczu36,22938
ft8vx6y0bh,49059
qdisouqc8q,258
lws4gdhw40,39414
2bifis3x1o,36503
r2xx38av3n,21971
1qni0rgseg,499
yayw2hflul,23427
0rl3bbsd18,31227
1e1zvetiec,21338
q1fy6ilnuy,27579
49nex1sbzm,42674
mgygt1ig9m,50659
y5kznaui0h,22581
l2urdarwrn,12647
3fjpnqx52t,28826
0wtn1vml8n,2461
irf515slaj,20200
3q7hozl6rx,583
q63nfljjfy,4876
mz47r0bnv1,56535
dea10enqt8,2340
mktktv39pd,7236
gapgijy5nc,32773
xedvhd13fd,558
wiqwq98wr3,635
gmhulxn8ga,887
zt4x1y9imx,48912
a7adurcudn,29236
nvb2k1ek1l,37527
srq0bz4qrt,20897
dd7b9nnldl,50954
ka5btgkyl0,35
b5fxc02drz,41612
wiliffmt2j,12903
h96ubflpt6,12568
7kgc99mjth,35766
dkx0cn0035,31446
gf9hw9pzd3,37007
zzriwfa6nx,3767
nvaqze626x,56147
p7zlzoaxhd,8478
pqeacmfffy,7436
tybyptukzu,42207
4hwafrzwfd,18471
u3vedb8wd5,27044
yy7bv6a4s5,40969
80n3dw6741,6247
xmf1g7r9b3,1057
gn0lvg7vp9,46433
28dfb2vl6a,16517
trhxs2px4j,36966
rds4ev14m7,33462
637ou8phee,35940
musnmbcsfz,10508
qro06oe3p7,40720
f891ihf4j3,109
c6g9q86seb,36934
apq977ye8m,17291
7x4pm22yoo,22281
dmv89yva55,35675
j8hbf5akhv,29407
rh1v2ot450,13050
9wjdrjy1hm,20818
hxblzjh7jo,2363
kg910kzn84,1055
tdgw0yaao9,17881
7uso2xd1cu,21613
ii6oo8wzdc,2087
4qj79a2brz,17019
wt2mnu4t5x,31976
ml1qkajn69,4305
s8qn3dlsx7,52148
0puqyul395,1950
3sx52c187d,21435
5aa1skau08,40246
rgmu1dwa34,18906
ia5s2rj7go,28900
zt0gaam8i0,2252
gj0lxhw28j,21124
epb7thzd2g,44206
ukt9qasqpb,36305
p22zcpht63,1433
lyhky2898v,15976
bqo5ozxpz3,32680
gxulct9l6j,807
alx6xh3d7a,23571
ifxee4bowe,53770
izq2vr7rzk,51808
indl62z2vt,49774
hjvi3ebw82,16881
t79kmvjxby,21510
53la3q2kh6,36623
z1wh2i9sfp,1429
f0idq8j1uq,28587
56fle6kqch,40364
urvj3wbvbu,2820
7pj7u74z8o,11878
6vk062qntg,341
40m3b9hk2s,429
k4ygz20yvm,29255
g1f0ghlnzb,14434
qx06zzsq0w,45627
8jh0zdv5af,18788
dkz9riz287,18124
a4kzmtj830,21015
g78jm4n8s4,35964
xdsy25hlcb,1265
kz3bzop28h,28457
2b3u6tylzn,22809
6qns9dppgb,19081
1o7rv897l4,12511
a6748of6gs,43781
js4jgaly09,2774
fk3cht421g,22151
sevx54ewaf,9570
34kf7z4fp8,11987
vki8jzhtgx,19214
f7t47kb15a,5411
wn36ufz3fi,56552
7fl51yu8uz,12088
laciu0nahq,19287
he08djukxl,40911
bwdhqqrtwn,5951
o2gjxpuqfn,1200
2uv8wetk42,28520
06cpjdi2ex,22801
e1r17y91cz,20131
vjtn53gzct,46
pilsc2ry2m,34658
tz1j4gkajr,184
6qjd0cihku,53488
cb96fv72r7,38251
8el4dyvq79,37429
ltz0lbea9x,32726
nz8zl5uhnm,56584
i02mpbvuwc,32030
b24jbj9i3l,42347
a5qmaw96mc,37562
n2yie5tg7w,4851
xfoen5idie,2448
oq30o5og69,13133
x3ns2d3xt3,20628
6g23emnbzf,1011
w6d5413flp,23644
amfbv6ux48,45862
16x5l5nhlt,3450
w9kt13ost4,25194
4vo3iufnvx,348
biievo2z0o,54118
ae9p04mt0a,22415
bwt9o4uvt8,49092
p744qvvolt,50484
nnys6sb2jx,20494
va6ohxynka,5975
w00gpiuyfx,22780
sy6g1415tj,47772
adwxe7o1k5,17623
0ip821a5s3,40997
hmkjicofib,20799
frd1wd881q,917
qvelfbtlqz,663
2uj61usol3,22420
qh18s91tbs,24295
4pqa3xqkln,2205
77evuk8yfg,35683
p2qz1svex6,7841
ant8mtx6sr,7702
9fbareuegr,49543
phwzyxmjeo,40456
tkva5v3juw,19435
lp0g84b81m,56745
jt4gshoh75,666
68gxhhl6jf,5574
3rxu4hwv9f,47531
0b9i2wtsu6,4052
smr81r8khw,3581
l0ncgp1mhq,32430
i8bbtlrryg,30490
w2e45w8nzs,22950
wgyzm24m7g,56892
02cfml7vk4,20984
7xnfs2f3bm,29143
9accx6kmzw,34870
ivvsujf310,50029
f3hcclwndq,31233
2vs9y4p2py,20995
icddobap9j,23362
mwk56wflki,54460
thjg2zs0i8,52695
ufvkv7ugs8,25978
vfu5owsi8f,2486
mlbri8hwaa,46010
s1gp8ez268,28664
lekjdyfjx9,45853
w40rzt5ljb,738
kurzwynpk0,283
zf7u6uwani,46899
em1x2rannm,2977
goam6cdhzu,15101
mca1enn4de,11314
btz8w553xd,308
jtdjznhpcv,27425
a11nnlvhia,4242
yrumkigybp,3132
9ck6hx8pxw,33897
dmf9bfz9pm,5734
4t6dxb4i57,49743
rhyq7ke4g0,14148
g4l6sk536c,29394
p1ve4wkess,19693
yc8se2bgbv,23706
mp388y0z13,41065
fnbpxfnbi2,46481
p9la7ebbd4,33977
lxn4s46df0,34944
aw6x4ty12p,23801
rm3f5kc6sc,25264
gzjpqu38jb,44028
j4blc22b1h,23036
xws2lkouwm,2334
55jgn2akna,33134
en5zh0bw4s,10040
im3tpr4h5h,16304
e8y6hpg92d,1738
75dqby2pw0,511
d4iqc811d6,4711
zwk2nn0tn1,19600
91yvaxx35d,47988
fbr3x36dhy,45481
owrhbaewfd,43453
s1cdm5laoo,17184
royuawqget,1652
kimtv1ncb1,13549
rpnjrb49np,2772
pl0dnuduoy,19531
bnv062lm4b,4429
po1zzcpau4,54801
k4n4c0uyku,54210
uc5laofdr3,55054
clo7clib2l,52018
93lrrb54q9,26793
al9pyjw44b,55667
txnwfa8b8g,3850
jslgwqdw21,45424
6s5b97b6de,13685
7oxeqle6rw,10016
5706o1a7fo,54241
33pa4f6204,17176
bql5o4c0b0,22743
axje7nrqoy,5560
ez61wdd70a,53860
obsfr3aih4,802
hqc26399m7,113
30jjl51t3y,14063
ditlx3dkx2,56776
xpyr7y4xk3,29532
bsdaj5sm32,17909
twbciirqw5,25232
eyxzy4l8fy,7790
nio1xhiawy,5919
4we69e2vma,36857
hej61bdhqp,15879
1y7btjz0in,31152
u4hcodf5jw,22226
3179pn5sht,55533
ll7nzq8z4s,8436
spxsea4s82,54481
188p8oitd1,35756
hg2a7ur7qa,19003
jbst5ovsme,40812
nq0j6x044l,45615
h10x4nmh93,536
iz9ixm50tx,7733
smdkftcgmf,40813
etru28miob,22436
amj43dmwbm,50956
3yq9mncf5j,2064
a0ygc2nbyv,23785
5dv3hkw5v2,2777
lhorav94x2,17317
u31nyvbmlu,42275
k8y9r4jbnp,22695
ycxddie1yt,50516
vdyilastd8,45449
2ylbt07u9i,13681
9nzp27s3ln,44653
9feeykuzex,12355
5setj63hrb,36648
zeo7bdal1i,46011
h1x1jygf0z,6561
iiwrx95z15,21651
srykjmwl1a,28694
ykb0ckmxs5,44059
omdfjh1qoq,46748
xnc8twnxie,6845
h3vbb4n59k,28894
tumjo3vhty,2236
5l11y7cl0y,39036
kfp0vzcwod,21395
nymz9wy05x,39643
n3heomqpsa,39167
k4i4gpxsj5,2930
os80t8xl14,833
x4vayujul4,35593
xabhgqnx6e,12928
4la1b6leqt,23931
hh6s0wjuky,29270
o995hybab4,9829
chnmpcg0bq,2844
nd7p6ofkul,43375
uj7dkia2f3,53008
g1d3h5muru,51230
n63mbh3t6b,3229
eghatq196m,29318
ad9bmrj13w,146
xumjax0v55,26618
7twzua2ook,10088
w6alk3a42k,52859
axjejbg6g0,6986
mvr18wsoph,45890
rq52nkk7jv,2869
i662iz5hhv,51217
vzrhq61ct7,16008
8b6qe3dlbc,43785
ugg98ri2la,41966
8amdou4kab,13106
aa3jwdzwls,44976
qx1lc740re,27243
2cdd13nb2s,16551
cio52dnf5n,43429
ljojgxq3tx,18728
ftyccb3rf0,414
1z5sjw4qv8,20615
r1bl0e2y5a,44115
owwgkdr3l7,11870
jeh192x4xs,24569
8h5t7deg8y,27433
j6wweh5wy6,47291
3vjbq481ry,56209
u1mr9svdx7,28080
cads8h4t24,38314
0bmikyqulq,22732
giu7wqj7rq,2475
njvpmgexvl,47277
kvsprne673,597
rfvga4j3gi,15488
l8siykqckg,42227
t6qak7r4o0,1036
q0gzt03ql6,21161
sveiklevdr,16443
hiavw78gws,52115
9fdoxmz2pk,28068
b0hbjuha2g,22529
mj11a39q9g,21502
lr5x37wlze,127
6bbvwlymaf,13280
0hiw5hglq2,18543
422wlsuda6,1067
x9dtwx83qh,20508
pgvx84hdb3,29363
v9xxw1c3nc,23332
d52nkft8tg,20305
1bnn3p10qy,23263
7tf9c7a8aa,22468
sg0e1gd2xp,2715
2tl0oyqywi,47579
tgkvaxo9po,372
ac9lp9x831,5057
8hchnasj3q,1768
m0a4jcsjxn,6599
ughxpuqadd,2521
1vmdwyqax8,2280
bsd2o35hh1,48242
ga0k6hglef,350
fzoa4wcdr0,36982
tjq0vi9tyg,29144
nvj94od6u1,23201
4dhg43lg8a,48157
n5siory787,3568
pqvtdl3uq0,12850
ke0tpt6n31,34201
253csh5zd9,4387
2riptqgxkz,29740
af1uxorz19,10172
euocn9ey2n,10986
4h87pjilyx,7530
sddiuhzg7k,3388
rfcqbtq6fs,22190
iwbid674oz,43529
1m2x3bwdqc,22077
xe936ux90a,7378
m0z6i0rpjz,1737
pdhgvzkuc7,34106
bb6cahk9s6,11710
d2r9kb08vz,25442
t6057ejjf1,43822
2l2og4wk6w,2966
aiwkgvxgbu,17170
2ru5nlqwdi,12093
8n5pbz3ap4,21443
m4n9fi2mry,5833
h4yvhxugdw,13381
0o5mx23lz0,46513
mvodo2s1c7,21758
nu1ske0xaa,183
vtgya8cr7p,35439
d64qccasin,22687
4hhlhm2c92,792
36u21f8r7q,20527
4uws8fszqn,19692
mjl6mop0s2,21040
qchbiqlsyx,28517
igf0n9fjtq,13744
4xjs0esga9,7779
nezy5rgbee,22925
3eptsncwcf,15991
2qhxpcrh6s,1233
asdfd6lnm5,7730
1v74del9xf,29781
zy3eo8cjnm,36294
oeqljzheea,40076
n009cdtndo,37155
3akpalht9v,18645
wu556tbw8h,3770
y7h01clbpe,35767
rl9dpourj3,24640
c1mhn1iedb,1428
aa9d28oz84,20723
2b3s9nmtia,22144
0xuwd863yp,23504
jeybcv819w,2230
fde5xpvel2,50649
p312wc4x3j,36817
w5y2flzhgd,1449
u9oj8nahry,34887
wz8na1z4xl,47587
djl2z5d6o6,4433
8ugsmbnpw0,74
1yy22drqst,35794
v9lntl2p1s,34823
cfoib34mup,7289
83nujy48l5,3056
g2z5k9n0ba,26984
gbwzh34h17,26208
7hgqwe7w27,3675
z57o5rxm44,30540
yywbwcg7f5,22626
e4vvwe1lwl,32911
d8hzwws9c9,7957
op7viak0in,5
ra8bn8fxx0,5416
pnsxob03uc,35705
9u6y0r07ka,47540
jjwuxtps61,44651
wnus97al2s,20774
elojul946i,314
g4rgc495xe,32648
b9xr4vp646,5166
biiowpp0g1,1230
akv1prepi8,56823
6j5w7w03ph,41263
v6r5l9n4rp,46105
5agg3qhr89,13108
ut7i4hoi6s,23312
5avh6rsrmv,26371
hvbs2l1zai,24204
wyuzxamisk,29787
49dv9ovuni,18691
bcs0e8aq5v,51536
azbrji1tty,54233
9fpasxls9f,54045
cs86nk0l9l,42094
gjorwcz7ap,47003
uosi04zobv,21901
lfalandg9x,21250
40ypn958mw,4782
vavpezgqbv,54718
wdr36a2y8x,4316
7zsm0l2t36,12945
i5tvgdfez4,13625
kr7343dqf8,33551
mah6e8ib05,31818
j2xaf8fr86,10079
gzaujmfv3f,3706
o20u4gvy61,52
wauu75a8un,56037
yq78egol4z,10553
hfuiy2itcv,42186
aescec4rgj,9905
w320g2no1x,216
bvqy35jd7d,2597
4j9vziga40,57219
whh2pqgd0l,82
caw8nc8pxo,2562
1y2pzmf1fk,5595
p8ucawzbro,55366
2dgas6lpcm,8293
3nublh7ylq,43675
wpsxubermr,15265
ucuyye4fok,21538
iub8saj4kw,14455
bbx93czdr1,1621
q5vn92aq4n,38799
w8c4aar0jl,30629
n5db2vlwsd,20235
66warltzdw,18987
bfpzq29oyu,480
4wypz3wgfp,20678
ultgg1uomn,2437
c7o3fyxksk,8785
1k3jzn2tbo,26468
6v2wxccbml,11806
t1tcz1m31i,15925
w838mwvecb,30170
f745abjiy8,2524
4ifr47z4en,23777
2nap56iqd9,6338
pvs8olyzyb,44108
xbxvyd0gni,317
dl5g5n4vqi,47049
wibvad44mr,41718
l3s64byza0,2155
px5eq9akyk,8245
zm1nepenwv,7279
bi4jtdvxei,33265
pw3geairmh,20578
kgufr3asx8,51897
98ygds1zf8,8541
m7qc8ulx9o,3389
yk2ec2gs69,16168
7ujyawk6hg,54111
5hf92divq5,40541
nnnok551uf,40479
l5mihcclhe,39828
fxc84jsozd,50725
ursz187f19,36695
xebkola6r8,8190
92on1ev01r,19193
aqyvr1kgsz,6187
9bjnsfh7be,51691
iz047xn7s7,53665
anzap2xuwm,43476
lwq5zw4vxb,55656
um5ui62af7,49538
2cvp9cx38p,41047
79fetbgv40,4139
usw02s9j6k,12028
cyz0phoyqm,2118
k182rzq8es,2094
cablmcbt87,5009
pbfqa5zu7f,40765
i9ooifz4c0,27114
26mvv84bmk,22450
dwas6opaht,3575
rcr6r9mexy,35277
gmrzb5037g,34212
573jgzfq6c,46567
5o2t4ss5px,46672
kw7q9d00rc,51649
y61ckld2w3,48490
q0sknrguea,22422
4u5qtbs3cg,39523
ctgb3utws4,424
ud2pvvpwni,17230
37tgteciqv,39524
p6ol9ny3ap,1874
1u77unhbom,57196
st3k8v9yma,47492
p5bgaoqfdu,12784
we847wzff1,11134
a0lgotrigw,46377
iandp518ig,22555
v8bfmymi7y,3716
6ab3dhtgma,55374
hz2f5s27ne,36067
dr6yxkck4b,40994
hrojey022l,15691
zpx9h0qgs1,1337
caoovw0jv9,22236
3d0diq13fp,1271
avyeu9mb2v,39050
zgu7ro5jes,18964
waw0lhjk2n,25862
38u5ixgm4h,22527
5se4yp3fjm,40766
ul7gqxcoeq,3386
0abfwcpxjo,31688
oezxsh481j,11131
ekhhkcw49h,29972
b4pl49h6h0,47381
r6fppbvxue,51883
j6whxl3ayp,2018
yr6k46qcd6,19298
bodbgxp6dg,3462
9cmt4cqsm1,36437
87e5lk6hrp,659
fyc9180t5n,35951
wzwmv9a0pb,21474
2ln9ynby29,20875
ilz592m6k1,53421
0t2r4fbhvw,26224
sg7as7505j,50833
17wbknc4ey,49
0hf3co1zta,12791
auxp7qt9qi,16663
1hikn5vjyw,42364
fhwq589ptq,1741
jkq4rocrps,2773
u6cwl0roa5,48153
odtyco6cxy,22926
evntmkhqam,24993
1c1v5nphf9,21837
dwalef3nyw,22261
i0fxzuvxgs,10641
g6cdk05uum,1459
mh27axjm8h,1778
xa88clb0hg,48437
ntl4sh1m16,47979
95v9w8le3l,38175
aziczuzxlr,36496
c8rc2b5k82,23806
qtolz2k96w,29961
yd0s4nf65x,54638
6hl489qzzp,18705
0fymg6ffrl,9803
jze9tpahry,336
28llqhj6b3,44459
dprjjq7rol,8044
hurbywikhh,19187
af1aifbi1y,23499
25la3bxzc8,45272
etphcuwzx3,14217
3cr9jcful6,17720
gplt70sivq,49064
jl378za6np,24570
6ul941so7g,5123
4ut8jucaj9,12056
e1xkzia0id,27498
ygvki75s3o,7200
aclj59jwwf,4210
fp4u4x2zct,13233
87c3dywrak,29736
b1t90nbfue,345
33pcpxq4yc,29
92r1oy0n36,1873
nbrbkjdimh,19366
a4qnr72mp6,38179
g9aw80xnbp,30957
79zn38wjnh,1765
pue5g0moav,35434
sg8whtjgob,2088
sp5zmethwb,21150
78jrw98sk0,30493
p8c2i7vgm3,18789
tcq4kdn6o4,5131
d8qduhksxx,20489
w7lp5hhjsa,40767
8w7npplkjc,54367
3zks6el3dx,31878
dljnon8y1w,21874
dms16dx0y3,20692
f1ny8q8w0w,34621
6ntmfliu5d,33063
v8x2kvqdob,16682
dr721a1fg6,51823
m9cpsh2eha,3311
jq8zzhqqv5,26461
cs8sc4dnbk,44168
k7m0oj2w17,202
4f6zxx8exc,20393
7wbl2zsuda,22727
279yifx0zj,46621
qbn8nose42,54165
vjb8gpbet0,55971
cy1wu7zxl0,22017
i7t56y10yy,1383
ivg3103bvt,21387
ezu5b5ao12,42183
pnmgb1pf7y,39917
igkhh84uqn,16177
wg8dpx0abt,16588
s2zuam77ud,23209
qj5wfguw9j,44370
vk9t9ljpdd,43615
rwyvk7yn95,54815
wtmp75tem7,8994
765y9hnxni,53352
xteaakw25c,970
fgfk9d18x6,53960
2c5wx2go0e,12132
r12qhzrs0j,21498
rll1posljb,37498
snezsjfdfm,47323
6tzvk9jcu2,30097
efyfcl8948,410
q149mo7a9n,7811
w34vjs2768,160
8dbxogjfrb,4946
urga69q3qe,23887
2ib57vrmuu,31459
hrs8ab1y0f,15355
m6ywg2eqej,39460
ahwyqpfu75,33454
nelri6ta0y,5049
5f23kti2v8,9589
x0lqvn0grz,51258
dhil5s2by3,19004
g1xn484gd8,37053
j4zeml3ydp,358
0d0py95jnq,51266
yor6r3iy56,13536
7hj7isb1q2,2714
8aj9ngjecm,51137
kygtdqf2wv,2588
kkref5d16f,46618
ajvhl6rbt5,4310
fx188bkzqp,10847
rwt995ht5y,22440
yed2e76rrg,44861
9gwns7o8jp,20190
k2gwcrel3d,972
rzd47glhna,31916
gkhxgoetmk,21374
qwx4ei2d3q,43422
2s7s1tlmbl,21280
9uwzwfkzvu,18781
dhnnxmr4bq,33953
43b58dspye,52319
v41x2mgvfk,18760
bws2s4mtzw,15874
8944dfydv6,36646
ag6v45epon,52813
txih725o3z,50829
v994hr1iru,35371
sah63mnlm6,34
xs9s4z60tc,6485
0pnfcb6scp,45515
58o28u5i2i,11510
p6qhqt9u6d,26634
7an4wu3xy8,20346
blhmsitlmk,41994
bn7nrrz49u,2194
e6mfxx78zf,44158
1vptifx8uq,20679
sz06j7qe00,4622
faiq1qiwpu,8772
g43e2ddctk,37074
83z1dotzs9,15733
4dsagbwj4n,55921
ztn1td4w1x,28499
ac0ho1lgg2,965
vglo6nsxyy,27929
4h05j54jc8,20994
njd0vxeut6,49167
64xuqg9m2b,36114
ywf62ltplu,24990
84q455biip,1597
dhi95j2196,9530
7cmei6p4xm,505
4ryjq896wg,9945
a2ls4zwc3o,2525
trn1isv2hb,2723
s7r7vsl43m,831
w1zwcd3ctc,52244
pk7eq9h080,1385
dsiwi1wslr,35355
dbt7zaqlor,52749
e6ufpu1hpx,5915
024mrla3wd,2089
nbtpr87tbu,51092
hc39retmsi,15578
4dzik169kh,8119
91ap9p9b4x,10146
w56l8n74dk,18469
sm2q4c0nyb,15941
u2xrhlia08,16808
8umdk29pbk,9558
sld8ytw1je,26624
ywl9zhag7c,16617
m2yp23k4nn,11850
vk9fa35nnn,24104
6klkh5lsld,11355
du9a5jb4f3,51927
s0he74bcly,20879
tmm4d6zlm4,42965
qkl58yim0y,19562
a52gy6pqk9,19653
cg0rf1u1vg,971
ndtdqlwvjv,41211
f4p63xd8sc,3799
jru62j5ieo,14048
6cgx7uy7my,16072
7jv5v8t6ci,8536
yabpfyr4n7,7593
jrsdim30ef,843
6dd8dyou21,22187
zjts204lcc,19066
mxy0syr2a0,3790
nleulp48pd,18397
sz8t54wu17,50560
1il948oant,54056
pd7vwj7fm9,24381
r3a7hclrrq,17258
bd34mauk63,48652
hjfdeedp3q,48182
4x3xnj1nrl,5546
laobb0xngj,3810
jprwu2vxup,31067
1askji61vi,9104
sg38grtfo4,48045
67rt0ht19l,32175
634ck73uvn,48488
x3kwrwmlih,52935
xv8878fqf8,14876
8mpipx0cx3,39255
mpsnuuhq6u,36398
v0jxyx57v2,32559
ikauqtjwc2,17213
0p0szjv1xk,885
nhzbjmdngk,47213
r4i2yrctig,21676
hixv070yni,41102
0fbqgiu7kd,6665
2jmkmww7s8,18712
mvqcbrsidt,13313
ic4s68tq7i,33151
y6vp63aie8,1500
lm8rt19ku2,250
56zyqzf7w7,7368
hfzu8lrwir,20951
lg90bhvhuc,54447
zuf9v2wjse,33453
l5zmpqt19s,42756
c521a1p4wx,2404
jnu1qt27u8,9108
rk4pqdu9gc,50070
05hka7jdb3,34221
0rap3vcxqn,32017
0mftwk4hsb,21719
nug8fp7i0z,24309
xvlcdcb9ba,53654
krvi7ondem,52827
08kxu39dgq,33932
mzrddvn7ks,48320
ywwzcx84a5,1751
ukztef3tgl,19166
mqp3kotwpq,16815
5iyle02vir,19886
p4fw906ro3,8975
vdnqxxg4fo,9123
of0oy17i7z,6085
d1nc0ydr7r,6176
2hs94f9aw8,19084
u5m3aldxki,36329
57q1id99jh,3232
vqjgjaqmvs,2712
d3pov71328,6393
hmkhcqzc23,10672
s25ryfgpey,5555
5y5lfa9dq5,3491
24pui5iswq,1614
dd1flfjy4m,484
fb3v3pegep,35345
eyc4bmu90x,52555
bntzdvcucg,21119
v2sdhofu0t,24433
rxxt9zqyrk,45327
9k4sfcv8k0,44978
wi30oxxzjd,7712
89izod6ndl,47908
niqaf6wg97,21048
q53qhm07o6,27016
3idjmxxvuf,6065
dbsq0n7yth,16685
cc73dbf70u,27341
h6gicfl4ap,14151
29e7wkdize,35645
6xfnzck4mf,30725
7c7mhddnhq,1880
usxy4rnatq,24924
691ulr5rhh,26079
tfi2r3xely,49344
3ci5m9hhlu,50308
j10jsg2rab,31534
4w2jveekd3,501
999pd4xw2k,12108
pp3jr02yzh,29254
a2fzz3v9nc,24121
takbgsq22a,20138
iscjw9wh0j,6399
k2p14g2idv,303
eh65m5zrho,38136
1vqm3vap9u,27169
1wsxnr683b,50201
cdg6unj7xx,31393
uqcg67ebao,26592
e2eaxv3icd,31565
c3aolvbp81,522
ie9l2pk0ml,31766
aqszw5h8eg,38938
usjarr3y41,11095
6k6j3kd3t5,5121
mh1c6efp1x,46310
6yzzp1gr5f,8210
j0h5jgah55,20166
712ldywbbn,26739
gik1fwj5of,8156
pehtjyvnh9,19452
di4bv9sq2t,38296
5iflve7erl,269
uugw6xz1p2,272
cxke5d1o4x,18659
wqv009l5ga,1156
ck63xeow6i,48137
iuvwxvnomh,54655
fj6igackvh,36073
temhz7lwyi,23944
imxeqj014j,16015
3uuz2yve0p,8951
raab9cxb5i,26385
ih8ngbrleo,55860
ltekrgtrj4,877
e6c3snaom4,36399
3vktk1eb51,13948
dij92ywm02,22030
3q8z3yv4a8,50976
l43qlo6sej,2086
4blnbcuus5,6506
m54b73cxoe,19820
hdv5e6sh2u,26334
t8wad2u3dg,4224
q3nce4fpiz,20883
6o6nd303he,48436
n6pqlsz8np,28004
1akooqkaop,3525
dljrexqul4,10954
g1pc93iu4a,4092
0tusg1ad3h,55513
y7onk0hrjq,15859
33yy5ct4k4,16753
bpk6ibeaye,47132
n7vae11gd1,46861
smvyurey67,36344
26l6t5vrvu,38521
ihqxbcmne4,41771
b4q6zcvv1a,10167
9ui0l2khv3,18533
nxuxxhtdjf,23630
0bnxm5qhzr,13258
lji2okhaej,14757
cr7xtj0pem,22243
9dligxyi2n,54787
ychxr9323k,8943
kmytvat200,7717
u76hl2hbjh,22482
9zqiprs4ls,3224
zn080r8btm,41744
8je6piw980,54058
ni7m712ml3,9291
79cxmchmjg,155
gkzwducact,10367
cyhagwkmep,44401
j5jsr4l7d4,6942
xbteuxaumm,10749
l9mnqi8q7f,54608
ikr2umamkn,19779
ugg10ed34z,28994
pdc5nxw6s9,41975
emrjkg57te,37690
7muf8b39kf,23215
ki7fd01geu,43790
qg2p771l4g,44412
ur39bmajxk,42076
sit0k8b875,36129
gsjl1xoo0s,45500
zitbn4woco,36524
skfu8iz3id,35247
pa40nc40a8,50636
j9003hd8gr,22344
3x4tuqv88q,8021
c8j2ufrslr,21555
0lyuwl5ju6,3079
325vddfmzj,6530
ltvpoitfep,42390
5se9x16cfu,29253
7q5kwx8v6e,7343
pzp000mprq,951
bmasqodx80,23828
7hixadzkl9,165
tsi4zno6ba,32929
fvvpf0l31f,10953
irls40r07f,4584
zbhryaxlmi,37118
e8be238su8,2460
fcx7rpisss,1764
oavyzqvon4,15240
8mr4ific2t,43460
jrs61z59t4,21290
w2dbkizcsn,20882
n31i124z6c,4858
bh2r3zqax4,1939
a7fdjrjgq8,121
kzbr9q51in,46611
1t2tgwae1e,14527
nmqcpqggpa,35299
496r0fepzy,13318
dao4i37utk,31571
zktddz9w67,22960
kzds2w0fzg,38955
7d8rtjy7rl,7271
6w5fzocb0b,31151
jep4zmxtks,13382
z98cisfg6g,28658
p4llh7d867,13961
uwgkdrai0o,26301
sxrpbxqyp3,1427
vd14udr0r8,4640
7j2vk1qy5j,14219
z9y2eszjhg,32081
0u8ya01pne,46148
1n1azucm6d,47056
ffdka3b5ua,15762
42wq8smqma,837
qzd7balnb1,51763
49049zr4ui,4350
jmoarudvlu,36638
1ablloqd0u,29276
u5imdqosiu,23356
unciq51sbi,28346
p10q3xwzka,53134
r7mdrghgay,56609
22t9wj8swi,52510
di0kdn4o7b,8002
gmece3idnr,10873
ia4nldhhhk,39035
spc6y6ruwf,9844
2ydxlfmwch,29747
2lhebvsnbd,40736
2dlcsjbpho,53175
wncee5s24s,24988
gfqjklkjpq,2335
qo14qpx6jr,6874
e5rqmvocc8,832
rpg5wciz11,2342
7uj6ubsjaf,18726
mac2ofp88s,15792
zao9etg19g,44826
qxc3k7gasg,43636
mmbsq4uzkm,8000
d5obav23su,56230
zfo1ce28k1,33949
f12b7zgn1z,12693
7re75h7rbm,22631
iparl41kro,104
80vzpfibu5,47044
dpyj363gwa,45
7hjb4ovsii,22004
8lyepq5go2,56612
khfurjorei,13871
ov7j9k69mi,20363
re0f0g4fdp,10818
hput4uoezc,3858
bqn4wsj7xq,14348
f9ic2ke3ze,25711
v3sa15uscx,46767
6twx7d7y46,1713
h2xoykumta,18491
itcqmr6yvy,28834
2eegrxawbi,1101
knxst8ydyw,24213
j0dgr8vh9e,93
w85wksdvr7,55407
0vb9yyyx1o,23410
450r5chkzo,3589
pza2sihjuq,3637
z3suehr5ao,41029
s956vjxcal,33944
t2n2bh2wcs,48841
6l0otx10u6,29409
dal29af5b2,18547
c3do68sxaw,56482
e2rmvbvf67,3537
ji27p5z40o,1331
1bi5lr9tpd,51268
yaivdnf8gy,1089
xifmgn90b4,48887
de3ybke5bf,26936
z9bwd1wrnh,55358
4azg6d0wxu,7607
p6lpfzhnz9,34785
ezbjobeayl,28409
fnalkozvhy,31743
ibrg4c5r2i,11766
s47qv8m6a8,2106
2ghrehwoyc,21685
bvv9uucdji,20130
w5i6fzbkqr,29521
dfpslgunyw,47144
v0adepls86,11521
h4onm06v97,41890
owswpgnhr3,9707
6rlfmiaa5s,7825
gi376kdkcr,12581
y3ypvur0kd,50727
kgp2ffpcy0,19910
6y3aixqs7j,39858
vqsqfr561c,23533
2qlgpuffe4,1594
msww88mhhx,1054
1vef9v5w7f,21562
8osmtcdb80,35611
x70yhneola,1912
bx5udigu0h,32386
zmk48wl76b,16025
vo2zxsewrq,2120
a3w7zqni4t,6427
sok9jaa7r3,19053
o0s3c2mq7q,7854
alr3kmxn7l,22786
yidpsveml6,34318
acrr9hxsz7,230
vjqy09ojd0,49386
5mkbqli5i9,23739
01ipaft2zt,20511
xyy21za032,48689
g2ogyi65q0,2539
zrcd8dzgoz,6000
w3i5ogk414,2406
n9wno664lz,3749
83lfvmy4em,13421
lw83m7v8ds,21506
rmh4z3ufta,7195
syk35q4gu3,774
5dqg47byfo,2622
zwe4ek3to9,55527
056z1wyusx,5014
h2uotr4q52,13886
7v2zvnkdme,17475
d0olbemkgm,17971
26yu7idame,56744
kr0xhsdlcc,25672
uxl9zgrmwk,24862
cmsrvmpb04,31087
kmp5qqemas,37295
np8rg1olzp,15553
f4spuia45z,4829
j1rxyvo5ee,40555
ztompn3odc,15016
8zmw0iy0x4,45939
s1j5vmdnzh,32638
iwk1cjm53p,28605
0au8mokt6d,2195
tukrm41ysg,8526
6wwjhsjarl,14188
2bjgckav0g,12982
kwpbtpb8rn,34800
dt4fl2bevp,4411
tkbcwd16y8,5934
rwtqq5vknt,54433
azoz3za95t,44860
2wfrxw6q59,33955
9n2q3p8r5y,40956
vg6fz0ppf2,34105
qcxaji1axl,22705
2ncozqthja,22283
0hdbrb937n,53210
l1h457rfa7,21458
xdapvi5xpb,35985
copn4wdv9k,4192
pycbqtvb75,1059
c59ndqxai4,17562
fyo6cmcgrt,15950
trbz0jeffa,17709
i9hmbwbrw5,36284
5amfp3p2t4,11026
mudu23y13n,37168
ic9w5snkn6,658
72ua2866kk,22612
3l6ihr9yed,6349
n1pgacozht,47824
xrg8nccljo,39347
mhmnv14gjn,5646
u9su0k0w7n,38634
8whzojc1jc,23271
notarlwg6v,21985
m4uguakhf3,16411
42wvik6gms,22303
lkudakve2i,27723
wzugndmlsh,49518
8j4wbj0ety,35170
uwrm2y63d8,19522
fj273xzs7d,192
0yc8a28aqy,31084
2hlc8we8ry,57180
cmprrynxob,20973
3hcn1rskpz,32775
kr7yuqh7wx,36599
i4ayc2bb7o,54190
3iek2p3h8e,23535
yj4ej02bnb,2540
e61t2teu9t,1403
jo1csav9rv,14167
40s4so1umz,12515
f507152xsq,967
ax0jow0ove,44394
xz9jzvmspa,33778
a5xs95wrep,53667
5ti5g8czwv,24256
7ywkvzo4xx,34618
b9c2uootwc,14972
ade6772cax,5626
1pboiehtar,26883
nqrjq9w2nk,5298
o17umqnqf8,3588
wla34xx81e,620
j3nnv4l1b2,31058
ioaedbolpw,53107
zrsrnel0ba,6047
enjgyiz0d3,31493
xllv3t4rgo,54840
r83j3ecszp,631
asym2i00va,21599
hy1z7v6p9i,25977
csjhn65cj7,11146
xwufx8nl5e,2607
86bcvze8yo,19669
d2ohi5n3mz,24210
5yfinhni1f,34571
fkq2o4kd84,2343
rtu11andy6,15194
5qhfqhxyrx,6926
9k5ruy7z4j,2771
qxnwxbm8ls,50547
50kfisqxrz,27870
hruowe61b0,48110
0inj9wvxnr,18357
kizxj4zk57,188
biij16n7sr,48944
h5n8xcibnx,19466
2zlkogkk4t,30847
0a0a9pixwo,56986
tkv31ojbdf,2235
mrw4gxs1pm,19317
6wuqhbmtgw,26342
rpr8bn51zo,29187
1xr5q9j1zj,9143
abo2mq88n7,1958
k7sik0gp9r,21906
l2ec0gf3et,52662
xjey3uy3oh,10963
oa7ogqcq6p,5071
2qk17f3dlc,7344
g4kuedzwir,7645
66osopqsjb,46354
glgh2okhmh,30744
4p3nd8fz1u,30483
95sx8186ni,142
fwfntc6bp7,218
rde9yhlcjy,52354
03b5fn93lz,48538
1zntbsuzwo,43115
7yu5fz2q81,33035
ho27dcbzau,35817
t2br6k8ev4,3808
47od3zwlz9,26260
cs3fyyoggm,34327
rw99htwchi,684
xoqqfp01o7,709
q44yhgllf7,213
d6e1fdcvni,39573
bmwy44wrof,31228
uz46cpb72u,46276
vn3jlmyb1v,9391
3sx9tt95s7,18433
y9s09kc7a7,38498
zoc5euu72f,3828
a4488ru9tu,30568
aa0omkqecz,55153
btyoba1doq,1214
72y95or5yf,22878
zyhwctlgu5,2656
kz36c7346n,10006
6p5r4t3kmz,1782
a03g52sddh,45281
wbw5pbbriq,28490
rotxvkmdgw,29557
n1h19whwq7,45133
vv7doixj8x,12257
jw9s8dwohr,50528
8bgco6g8kb,42020
qsubvotfcu,7525
pr6dqfm800,35447
vddgk5sdip,1407
pakae4qqkc,27202
404wqiw03c,28857
9qinf48dqz,25042
30qf5cgviw,11881
n8774gbphu,10456
9za6ug2vz6,51228
dglcueitfo,116
24pjorpxh3,34361
5gbtrefext,46041
2oj19vvqxu,748
xqkkmqr2i3,12078
41trxypn16,20034
azv1q3gdy1,16115
bdkcz2yz7e,13215
7f1dltvxu9,1430
3onaatnysz,52269
2cw3hr07r3,36610
3atx32aane,8866
w42ihghbt1,699
cy1v63blzd,42732
flpjffs8kr,15286
78lv3jjbxr,36742
f9ae60c0y9,53160
5vrmxrgt41,51376
2d0ng8m3hc,25621
9jwq1i0c4d,43064
y47hj7nwtv,1761
yr3bcp5mpl,907
cy337bir4z,22014
ifsc76slmi,6856
b9ymtnz8e9,1266
lyjtwtb30v,16313
t2mbe4xaep,994
a1cgo9i1id,2299
aoztz6l7gd,2616
qjmmh8a5oo,3452
260dlih0dv,7780
7jdqdqiur5,8027
z9ryugr2rh,8458
6ijg5m0uk5,8790
2dyikun0mx,11491
kgeuh9u43d,15374
0i8iqob1ci,15670
jhmtubuux5,15975
mtyiwaqv7y,17069
xkp0bs2m84,17877
8o8wrlyfci,19659
0xr094ipoe,20384
mooddrd93o,21328
6nzk8dcx05,21728
9nchi57s7c,22189
h97h6h85es,22761
dddpjw1rdw,22812
lgd9r6gyd3,23832
b6fwmlydj4,24326
7667ci1lpl,24327
07v7tpic04,24328
xircwrc7vf,24329
lsy80ilbjm,24330
jsa6wkwwwh,24331
dz8yb1sy9a,24405
3z2q800yms,24933
4coa4plb5h,25310
xetpiixqso,25450
k2uqcjuuxn,25770
du4dl2v1up,27180
8x5e8ekubv,27639
b2gl2kihv7,28700
wc6j0a2i9c,29120
f6epk599kn,29491
hye9vugrl7,30660
bvq0ipbekc,31197
cip2k1zd13,31205
l4ucgq2nwx,31962
6d93nvke1v,32619
kxnv78xf4l,33058
nl2jgwdt3d,34330
v1iqjo1wq5,35332
56aqgqfbyh,35988
0ivkgvi4e4,36306
b4rx2y5bak,36322
m3ba7w85bp,38115
x5ju66w1qi,38295
3nemh1l1mx,38499
4c3bonifp3,38926
qcsese4ja5,41611
n0j5se6tkd,42108
06z7g6vmxv,42558
9caf2owh1f,42617
cvqb3elwfr,43912
tzrmpvmemq,44302
matyeco9fi,44675
haf8ygdjjl,44867
4b29vi85z6,45671
piel2x6z2o,49227
7v22x85hh0,50215
uh1pnwhz5j,50411
ipkydah9bl,50671
yimi3zqb2t,51573
ffaoekg8sh,51784
6yompaoyeg,52183
eo4kdfb3by,52895
n3dah0fht3,52975
yel8aoy3qn,54008
nb29hugy9a,54041
n0u359ykxy,54994
1ly8fvoq7x,55074
